,metrik,k3,k4,fark,ci_lo,ci_hi,d
0,waves_nominal,13.307,13.417,0.11,0.063,0.148,0.109
1,e_moves,13.307,13.417,0.11,0.063,0.148,0.109
2,e_meaningful,7.008,7.955,0.947,0.806,1.06,0.359
3,e_risky,2.973,4.151,1.177,1.108,1.252,0.722
4,e_crit,1.531,1.546,0.015,-0.033,0.058,0.015
5,e_trap,1.442,2.604,1.162,1.098,1.224,0.846
6,e_meansafe,4.034,3.804,-0.23,-0.354,-0.118,-0.089
7,e_free,3.705,3.316,-0.389,-0.486,-0.264,-0.159
8,e_forced,2.594,2.146,-0.448,-0.486,-0.407,-0.499
9,dens_meaningful,0.525,0.592,0.067,0.058,0.075,0.365
10,dens_risky,0.224,0.311,0.087,0.082,0.093,0.764
11,forced_free_ratio,0.475,0.408,-0.067,-0.075,-0.058,-0.365
12,risk,0.093,0.123,0.031,0.028,0.033,0.545
13,greedy_fail,0.206,0.305,0.1,0.077,0.12,0.211
14,regret_max,1.172,1.403,0.231,0.194,0.263,0.321
15,rec2,0.995,0.995,0.001,-0.001,0.002,0.02
16,win_undo0,0.491,0.402,-0.089,-0.096,-0.081,-0.507
17,win_undo2,0.751,0.651,-0.1,-0.107,-0.092,-0.616
18,log_seq_canon_per_move,0.093,0.118,0.025,0.023,0.027,0.577
19,ent_trans_per_cell,0.393,0.465,0.072,0.069,0.075,1.116
20,cm_entropy_norm,0.942,0.954,0.012,0.01,0.014,0.32
21,cm_clustering,0.6,0.579,-0.021,-0.023,-0.018,-0.371
