term,dens_meaningful,dens_risky,e_meaningful,e_risky,e_crit,risk,regret_max,greedy_fail,log10_canon_pm
src,0.012,0.041,0.009,0.034,0.036,0.043,0.011,0.014,0.019
cm,0.244,0.549,0.179,0.524,0.46,0.575,0.433,0.133,0.145
layout,0.22,0.152,0.158,0.13,0.146,0.117,0.075,0.092,0.081
bin,0.001,0.009,0.186,0.03,0.003,0.024,0.001,0.014,0.009
src:cm,0.038,0.053,0.031,0.046,0.074,0.075,0.066,0.038,0.092
src:layout,0.063,0.039,0.045,0.034,0.045,0.031,0.034,0.048,0.064
src:bin,0.001,0.001,0.003,0.001,0.0,0.002,0.001,0.002,0.002
cm:layout,0.202,0.08,0.15,0.07,0.076,0.068,0.078,0.074,0.211
cm:bin,0.01,0.009,0.018,0.008,0.002,0.022,0.003,0.011,0.015
layout:bin,0.001,0.001,0.01,0.005,0.004,0.003,0.003,0.007,0.003
Residual,0.228,0.131,0.2,0.12,0.184,0.126,0.311,0.592,0.371
