cm,family,cells,e_risky,e_meaningful,risky_per100,dens_risky,greedy_fail,n
CM1,BOTTLENECK,73.0,4.2,9.78,6.12,0.33,0.18,72
CM1,CORRIDOR,73.0,2.28,5.95,3.22,0.17,0.12,72
CM1,MULTI,73.0,0.91,4.83,1.31,0.07,0.08,120
CM1,OPEN,73.0,0.07,0.34,0.08,0.0,0.0,24
CM1,SPLIT,73.0,0.55,2.71,0.73,0.04,0.03,72
CM1,SPLIT+BOTTLENECK,73.0,2.14,8.06,3.1,0.16,0.14,72
CM10,BOTTLENECK,73.47,5.67,9.08,8.4,0.43,0.48,62
CM10,CORRIDOR,72.93,3.76,6.76,5.62,0.29,0.21,70
CM10,MULTI,72.93,2.12,7.54,3.12,0.16,0.23,119
CM10,OPEN,73.0,0.3,2.3,0.47,0.02,0.0,24
CM10,SPLIT,73.0,1.89,6.36,2.84,0.15,0.11,72
CM10,SPLIT+BOTTLENECK,73.59,5.37,9.18,7.86,0.41,0.62,66
CM2,BOTTLENECK,73.0,4.29,9.99,6.29,0.33,0.15,72
CM2,CORRIDOR,73.0,3.7,8.23,5.53,0.28,0.07,72
CM2,MULTI,73.0,0.99,3.87,1.46,0.08,0.14,120
CM2,OPEN,73.0,0.04,0.1,0.04,0.0,0.0,24
CM2,SPLIT,73.0,0.43,2.05,0.58,0.03,0.03,72
CM2,SPLIT+BOTTLENECK,73.0,2.43,8.16,3.45,0.19,0.15,72
CM3,BOTTLENECK,73.0,1.93,4.94,2.78,0.15,0.28,72
CM3,CORRIDOR,73.0,0.61,3.84,0.92,0.05,0.14,72
CM3,MULTI,73.0,0.5,3.76,0.71,0.04,0.18,120
CM3,OPEN,73.0,0.21,2.7,0.34,0.02,0.0,24
CM3,SPLIT,73.0,0.37,3.01,0.54,0.03,0.07,72
CM3,SPLIT+BOTTLENECK,73.0,1.23,4.77,1.71,0.09,0.33,72
CM4,BOTTLENECK,73.0,3.28,9.97,4.71,0.25,0.15,72
CM4,CORRIDOR,73.0,2.49,6.18,3.5,0.19,0.04,72
CM4,MULTI,73.0,1.26,5.79,1.81,0.1,0.13,120
CM4,OPEN,73.0,0.14,1.18,0.18,0.01,0.0,24
CM4,SPLIT,73.0,1.21,4.75,1.68,0.09,0.04,72
CM4,SPLIT+BOTTLENECK,73.0,2.21,7.99,3.19,0.17,0.18,72
CM5,BOTTLENECK,57.8,14.37,14.67,25.52,0.78,0.8,5
CM5,CORRIDOR,67.79,14.17,14.25,21.88,0.81,0.71,14
CM5,MULTI,65.49,10.82,11.64,17.01,0.67,0.62,39
CM5,OPEN,72.18,7.24,10.34,10.36,0.45,0.0,11
CM5,SPLIT,67.57,9.76,10.57,14.8,0.63,0.29,35
CM5,SPLIT+BOTTLENECK,62.3,11.98,12.43,19.48,0.69,0.4,10
CM6,BOTTLENECK,73.0,3.52,8.77,5.31,0.28,0.38,72
CM6,CORRIDOR,73.0,2.12,7.6,3.14,0.16,0.08,72
CM6,MULTI,73.0,1.41,7.17,2.13,0.11,0.08,120
CM6,OPEN,73.0,1.1,5.56,1.74,0.08,0.04,24
CM6,SPLIT,73.0,1.1,6.19,1.66,0.08,0.06,72
CM6,SPLIT+BOTTLENECK,73.0,2.75,8.96,4.14,0.21,0.39,72
CM7,BOTTLENECK,72.27,7.47,9.77,10.85,0.55,0.62,52
CM7,CORRIDOR,73.15,7.27,9.59,10.42,0.54,0.51,59
CM7,MULTI,72.83,6.2,9.09,8.84,0.48,0.4,109
CM7,OPEN,73.0,4.86,8.38,6.89,0.39,0.08,24
CM7,SPLIT,73.57,5.88,8.7,8.18,0.46,0.41,68
CM7,SPLIT+BOTTLENECK,72.14,7.13,9.4,10.31,0.53,0.78,59
CM8,BOTTLENECK,73.27,6.75,9.66,9.71,0.53,0.68,71
CM8,CORRIDOR,73.0,5.8,9.76,8.32,0.46,0.44,72
CM8,MULTI,73.0,5.15,9.72,7.4,0.41,0.47,120
CM8,OPEN,73.0,4.63,9.84,6.68,0.37,0.12,24
CM8,SPLIT,73.0,5.11,10.13,7.33,0.4,0.25,72
CM8,SPLIT+BOTTLENECK,73.0,5.9,10.14,8.41,0.46,0.47,72
CM9,BOTTLENECK,73.0,3.92,9.36,5.92,0.31,0.17,72
CM9,CORRIDOR,73.0,2.94,5.39,4.22,0.23,0.04,72
CM9,MULTI,73.0,0.97,5.35,1.42,0.08,0.08,120
CM9,OPEN,73.0,0.14,0.89,0.25,0.01,0.0,24
CM9,SPLIT,73.0,1.09,4.58,1.6,0.08,0.04,72
CM9,SPLIT+BOTTLENECK,73.0,2.92,9.42,4.35,0.23,0.29,72
