var,std_beta,drop1_dR2
ord_valid_frac,-0.49499515889979445,0.027818991843728713
deep_entropy,-0.13922636408683245,0.010960276325260199
ord_first_safe,-0.15583667461103112,0.0027408222894571566
cm_clustering,-0.14245874343063072,0.0019093860839138888
ent_wtrans_per_cell,-0.16545220211955497,0.0016107216710739003
ent_trans_per_cell,0.15008063523221163,0.0012747635395946588
comp_per_cell,0.0896950339286161,0.0010718623138632477
cm_entropy_norm,0.19363217949250713,0.0009500549276841852
cm_dominant,-0.14608437489575962,0.0005832901524756018
dep_maxdom,-4.104147314869647,0.00014853087477950666
dep_density,3.741653076521339,0.0001234454388874262
ent_mean_run,-0.009787493230515221,4.695466295434603e-05
dep_shadow_frac,0.21292474440631157,0.0
dep_cross_per_cell,0.21292474440638187,0.0
