,0
comp_per_cell,0.5638600290831584
cm_clustering,0.2493970661397995
ent_meandepth,0.24179493430521104
deep_entropy,0.07962945459156254
cm_dominant,0.05983907696543182
ent_wtrans_per_cell,0.04503575480897855
cm_entropy_norm,0.03920310437715657
log_cells,0.03452590315255203
waves_nominal,0.03354027657955061
ent_maxdepth,0.029453387661069187
ent_mean_run,0.020259259318058952
ent_trans_per_cell,0.01872399944434764
CORRIDOR,0.011106752388732044
SPLIT+BOTTLENECK,0.0056289222175244565
SPLIT,0.00351236273117026
MULTI,0.0031874381679791396
OPEN,0.0
