,src,cm,layout,bin,src:cm,cm:layout,n
dh_exp_mean,0.01,0.161,0.028,0.013,0.054,0.074,3386.0
dh_instant_share,0.008,0.21,0.028,0.022,0.057,0.074,3386.0
blind_progress_mean,0.005,0.045,0.005,0.545,0.025,0.038,3386.0
visible_mean,0.003,0.828,0.006,0.047,0.019,0.012,3921.0
mbf_mean,0.013,0.073,0.073,0.001,0.086,0.245,3921.0
cpr_risky,0.033,0.274,0.099,0.038,0.073,0.1,3386.0
abc_mean,0.154,0.154,0.343,0.003,0.055,0.043,3921.0
abc_ge3_share,0.15,0.142,0.304,0.003,0.045,0.05,3921.0
abc_concurrency,0.046,0.09,0.146,0.2,0.021,0.04,3900.0
pp_locked_mean,0.15,0.092,0.414,0.004,0.038,0.032,3921.0
filler_ratio,0.041,0.549,0.152,0.009,0.053,0.08,3921.0
