,dh_exp_mean,dh_instant_share,blind_progress_mean,abc_mean,abc_ge3_share,pp_locked_mean,mbf_mean,cpr_risky,filler_ratio,e_risky,e_crit,dens_risky,rec1
dh_exp_mean,1.0,-1.0,0.22,0.29,0.29,0.21,-0.45,-0.42,-0.62,0.59,0.6,0.62,-1.0
dh_instant_share,-1.0,1.0,-0.22,-0.29,-0.28,-0.21,0.45,0.43,0.62,-0.59,-0.6,-0.62,1.0
blind_progress_mean,0.22,-0.22,1.0,-0.08,-0.07,-0.14,-0.06,-0.19,-0.15,-0.1,-0.01,0.15,-0.22
abc_mean,0.29,-0.29,-0.08,1.0,0.96,0.91,0.15,-0.28,-0.6,0.61,0.62,0.6,-0.34
abc_ge3_share,0.29,-0.28,-0.07,0.96,1.0,0.87,0.17,-0.27,-0.6,0.61,0.62,0.6,-0.34
pp_locked_mean,0.21,-0.21,-0.14,0.91,0.87,1.0,0.18,-0.22,-0.51,0.53,0.55,0.51,-0.27
mbf_mean,-0.45,0.45,-0.06,0.15,0.17,0.18,1.0,0.34,-0.1,0.1,0.11,0.1,0.23
cpr_risky,-0.42,0.43,-0.19,-0.28,-0.27,-0.22,0.34,1.0,0.41,-0.34,-0.59,-0.41,0.43
filler_ratio,-0.62,0.62,-0.15,-0.6,-0.6,-0.51,-0.1,0.41,1.0,-0.97,-0.95,-1.0,0.61
e_risky,0.59,-0.59,-0.1,0.61,0.61,0.53,0.1,-0.34,-0.97,1.0,0.96,0.97,-0.59
e_crit,0.6,-0.6,-0.01,0.62,0.62,0.55,0.11,-0.59,-0.95,0.96,1.0,0.95,-0.6
dens_risky,0.62,-0.62,0.15,0.6,0.6,0.51,0.1,-0.41,-1.0,0.97,0.95,1.0,-0.61
rec1,-1.0,1.0,-0.22,-0.34,-0.34,-0.27,0.23,0.43,0.61,-0.59,-0.6,-0.61,1.0
