,count,mean,10%,50%,90%
visible_mean,3921.0,2.355,1.835,2.427,2.63
safe_mean,3921.0,2.073,1.613,2.121,2.438
mbf_mean,3921.0,1.599,1.0,1.667,2.094
cpr_risky,3386.0,0.563,0.504,0.561,0.63
hazard_mean,3921.0,0.106,0.0,0.074,0.258
dh_exp_mean,3386.0,1.073,1.0,1.0,1.195
dh_min_mean,3386.0,1.047,1.0,1.0,1.139
dh_max_mean,3386.0,1.137,1.0,1.0,1.341
dh_p50,3386.0,1.021,1.0,1.0,1.0
dh_instant_share,3386.0,0.96,0.872,1.0,1.0
dh_latent_share,3386.0,0.04,0.0,0.0,0.128
dh_band35_share,3386.0,0.01,0.0,0.0,0.006
blind_progress_mean,3386.0,0.087,0.055,0.082,0.125
blind_progress_ge5_share,3386.0,0.92,0.672,1.0,1.0
latent_doom_mass,3921.0,0.123,0.0,0.0,0.287
abc_initial,3921.0,0.084,0.0,0.0,0.0
abc_mean,3921.0,1.405,0.35,1.214,2.677
abc_max_dag,3921.0,7.062,3.0,6.0,12.0
abc_ge3_share,3921.0,0.2,0.002,0.164,0.456
abc_early,3921.0,0.624,0.056,0.445,1.426
abc_mid,3921.0,2.121,0.54,1.845,4.015
abc_late,3921.0,1.499,0.202,1.25,3.112
abc_distinct_path,3921.0,7.443,2.18,6.86,13.61
abc_concurrency,3900.0,0.187,0.128,0.183,0.25
pp_locked_mean,3921.0,0.066,0.013,0.056,0.134
pp_locked_max,3921.0,0.396,0.143,0.385,0.667
closure_at_40pct,319.0,0.0,0.0,0.0,0.0
closure_lead_max,330.0,0.0,0.0,0.0,0.0
corr_progress_hazard,3386.0,0.123,-0.133,0.123,0.39
corr_progress_locked,3900.0,0.481,0.113,0.5,0.816
filler_ratio,3921.0,0.767,0.457,0.824,1.0
filler_strict,3921.0,0.473,0.177,0.378,1.0
filler_to_decision,3386.0,102.4,0.774,3.385,38.322
e_moves,3921.0,13.288,9.0,13.0,18.0
e_meaningful,3921.0,7.03,0.0,7.133,13.042
e_risky,3921.0,3.08,0.0,2.233,7.312
e_crit,3921.0,1.604,0.0,1.013,4.013
e_forced,3921.0,2.568,1.181,1.978,5.031
