cm,BOTTLENECK,CORRIDOR,MULTI,OPEN,SPLIT,SPLIT+BOTTLENECK
CM1,0.1388888888888889,0.05555555555555555,0.0,0.0,0.0,0.08333333333333333
CM10,0.43548387096774194,0.18571428571428572,0.12605042016806722,0.0,0.0,0.5757575757575758
CM2,0.1388888888888889,0.027777777777777776,0.03333333333333333,0.0,0.0,0.05555555555555555
CM3,0.041666666666666664,0.041666666666666664,0.0,0.0,0.0,0.041666666666666664
CM4,0.08333333333333333,0.027777777777777776,0.0,0.0,0.013888888888888888,0.125
CM5,0.8,0.7142857142857143,0.6153846153846154,0.0,0.2857142857142857,0.4
CM6,0.2222222222222222,0.041666666666666664,0.008333333333333333,0.0,0.0,0.16666666666666666
CM7,0.6153846153846154,0.4915254237288136,0.3944954128440367,0.08333333333333333,0.39705882352941174,0.7796610169491526
CM8,0.676056338028169,0.4444444444444444,0.45,0.125,0.2361111111111111,0.4722222222222222
CM9,0.1527777777777778,0.041666666666666664,0.0,0.0,0.041666666666666664,0.16666666666666666
