W,n,greedy_fail,yield_,dens_risky,e_risky,waves
1,43,0.0,0.0,0.279,19.151,69.674
2,48,0.271,0.271,0.4,14.281,36.542
3,48,0.562,0.562,0.487,11.884,24.979
4,48,0.729,0.729,0.567,10.671,19.146
5,48,0.979,0.979,0.627,9.695,15.708
6,37,0.946,0.946,0.622,8.416,13.649
7,38,0.921,0.921,0.64,7.638,11.974
8,36,0.917,0.917,0.685,7.149,10.583
9,30,0.967,0.967,0.693,6.448,9.4
10,28,0.964,0.964,0.684,6.162,9.107
11,28,0.929,0.929,0.669,5.539,8.357
12,27,0.852,0.852,0.692,4.967,7.222
13,27,0.815,0.815,0.704,4.894,7.0
14,24,0.833,0.833,0.689,4.478,6.625
15,24,0.875,0.875,0.688,4.464,6.625
16,27,0.741,0.741,0.704,4.475,6.481
17,22,0.727,0.727,0.708,4.157,5.864
18,22,0.864,0.864,0.723,3.972,5.455
19,22,0.818,0.818,0.721,3.964,5.455
20,18,0.889,0.889,0.708,3.758,5.278
21,18,0.778,0.778,0.699,3.654,5.167
22,19,0.737,0.737,0.71,3.731,5.211
23,16,0.688,0.688,0.685,3.446,5.0
24,16,0.75,0.75,0.677,3.311,4.875
25,16,0.875,0.875,0.677,3.311,4.875
26,14,0.929,0.929,0.666,3.138,4.714
27,12,0.917,0.917,0.654,2.921,4.5
28,11,0.909,0.909,0.64,2.748,4.364
29,11,0.909,0.909,0.647,2.79,4.364
30,11,0.909,0.909,0.64,2.75,4.364
31,11,0.909,0.909,0.628,2.674,4.364
32,11,0.909,0.909,0.632,2.701,4.364
