series,has_greedy_fail_W,W,waves,e_risky,dens_risky,n_W_with_greedy_fail,n_W_solvable,first_W_greedy_fail,last_W_solvable
bird|CM8|BOT2,1,3,18,8.887908751387442,0.493772708410413,11,32,3,32
car|CM10|BOT2,1,4,18,12.023500609663165,0.6679722560923981,6,8,3,9
car|CM7|BOT3,1,2,35,15.658506067125655,0.447385887632161,14,16,2,16
car|CM7|COR2,1,4,18,9.480052732291192,0.526669596238399,11,14,4,14
car|CM7|SPB1,1,2,35,17.813055021513733,0.508944429186106,14,16,2,16
car|CM7|SPB3,1,5,15,10.429012345679013,0.6952674897119341,5,8,4,11
car|CM8|BOT3,1,2,36,15.575292974862643,0.432647027079517,21,22,2,22
car|CM8|SPB1,1,3,24,14.192204445906528,0.591341851912772,20,22,2,22
cat|CM10|BOT3,1,3,18,7.879888948161696,0.437771608231205,6,11,3,16
cat|CM10|SPB3,1,2,27,12.11342259464478,0.44864528128314,6,9,2,17
cat|CM5|MUL4,1,3,19,13.722890678583678,0.722257404135983,3,5,3,5
cat|CM7|BOT3,1,4,15,13.27152054398148,0.8847680362654321,6,9,3,16
cat|CM7|SPB2,1,2,27,11.08841833125858,0.410682160416984,9,10,2,16
cat|CM7|SPB3,1,2,27,12.735363160507324,0.471680117055826,5,6,2,8
cat|CM8|BOT2,1,2,27,13.234479233007251,0.490165897518787,25,32,2,32
cat|CM8|BOT3,1,3,18,9.525033091779004,0.5291685050988331,27,32,3,32
cat|CM8|COR3,1,3,18,9.895302708544826,0.549739039363601,26,32,3,32
house|CM10|BOT2,1,3,27,11.801510781235825,0.437092991897623,9,22,3,25
house|CM10|COR3,1,5,18,10.69321674498373,0.59406759694354,6,17,5,23
house|CM5|MUL4,1,3,28,18.234352624048483,0.651226879430303,4,6,3,7
house|CM7|COR1,1,5,18,13.545225036225212,0.7525125020125111,7,10,4,22
house|CM7|MUL4,1,6,15,10.708650022782985,0.7139100015188651,21,25,5,26
house|CM7|SPL1,1,8,12,9.42361111111111,0.785300925925925,19,22,5,26
human|CM5|COR2,1,4,19,14.346670645254632,0.7550879286976121,3,6,4,6
human|CM5|MUL2,1,3,25,12.630552040182105,0.505222081607284,4,6,3,6
human|CM7|BOT1,1,2,36,18.368484606137866,0.5102356835038291,31,32,2,32
landscape|CM5|MUL4,1,5,22,16.8291015625,0.764959161931818,4,8,5,8
landscape|CM7|SPB3,1,5,21,8.9157887279258,0.424561367996466,27,31,5,32
landscape|CM8|BOT3,1,4,27,10.426436692537177,0.386164321945821,30,31,3,32
landscape|CM8|SPB1,1,3,35,10.65924127294086,0.304549750655453,24,32,3,32
landscape|CM8|SPB2,1,5,21,10.29273569421484,0.490130271153087,28,32,5,32
landscape|CM8|SPB3,1,5,21,10.855015204445955,0.516905485925997,28,31,5,32
rabbit|CM7|MUL5,1,4,24,14.73033347494319,0.613763894789299,6,10,4,11
rabbit|CM7|SPB1,1,3,32,13.561673775782218,0.423802305493194,12,14,3,27
rabbit|CM7|SPB3,1,4,24,12.47719994433751,0.519883331014062,9,11,4,13
rabbit|CM7|SPL1,1,7,15,9.0936169338706,0.606241128924706,12,19,5,25
tree|CM10|SPB3,1,2,32,9.225076881946608,0.288283652560831,19,21,2,21
tree|CM5|MUL3,1,3,23,13.371240082544118,0.5813582644584391,3,5,3,5
tree|CM5|SPL1,1,4,17,12.271604938271604,0.721859114015976,2,5,4,5
tree|CM5|SPL3,1,3,23,17.40897596382657,0.7569119984272421,4,5,2,5
tree|CM7|BOT1,1,2,32,17.063330903485813,0.533229090733931,7,9,2,13
tree|CM7|BOT3,1,4,17,9.071456941480804,0.533615114204753,9,13,4,19
tree|CM7|COR1,1,5,14,11.0,0.785714285714285,4,8,4,14
tree|CM7|COR2,1,3,23,10.382770458695695,0.451424802551986,11,19,3,19
tree|CM7|MUL5,1,2,32,15.062358554748975,0.470698704835905,11,15,2,16
tree|CM7|SPB1,1,9,9,7.25,0.805555555555555,11,14,4,14
tree|CM7|SPB2,1,4,17,8.93112926105626,0.5253605447680151,11,16,4,19
tree|CM8|MUL5,1,3,22,9.634694720097592,0.437940669095345,30,32,3,32
