base,n,n_layouts,yield_share,dens_min,dens_max,greedy_fail_share
car|CM10,46,19,0.826,0.281,0.889,0.826
car|CM7,56,19,0.804,0.378,0.863,0.804
car|CM8,63,21,0.841,0.255,0.868,0.841
cat|CM5,26,20,0.5,0.454,0.917,0.5
cat|CM7,86,41,0.616,0.402,0.944,0.616
house|CM10,53,20,0.434,0.0,0.741,0.453
house|CM5,19,16,0.789,0.647,0.865,0.789
house|CM7,164,56,0.756,0.454,0.917,0.756
human|CM5,58,40,0.897,0.425,0.947,0.897
landscape|CM5,23,14,0.652,0.555,0.935,0.652
rabbit|CM7,147,59,0.905,0.455,0.889,0.905
tree|CM5,86,50,0.64,0.514,0.941,0.64
tree|CM7,219,70,0.676,0.311,0.929,0.676
