pat,cm_comp_total,cm_trans_sp,cm_clustering,ent_trans_per_cell,dens_risky,dens_meaningful,e_risky,greedy_fail,regret_max,win_undo2
rings,3.0,0.284,0.4,0.323,0.139,0.56,1.338,0.083,1.118,0.953
mrf8,2.714,0.174,0.675,0.357,0.182,0.575,1.792,0.206,0.921,0.878
cols3,3.0,0.159,0.759,0.53,0.206,0.532,2.255,0.079,0.754,0.827
rows3,3.0,0.159,0.759,0.242,0.25,0.56,2.736,0.079,0.77,0.764
quadrants,4.0,0.162,0.741,0.394,0.287,0.561,2.906,0.142,1.136,0.738
sandwich,3.714,0.42,0.14,0.413,0.344,0.757,3.48,0.151,1.056,0.731
rings_alt,3.622,0.418,0.302,0.456,0.371,0.753,4.066,0.259,1.189,0.63
mrf3,7.124,0.297,0.501,0.433,0.387,0.632,4.035,0.413,1.719,0.581
rows_alt,7.312,0.5,0.242,0.483,0.406,0.529,4.678,0.26,1.031,0.474
tiles2,13.216,0.417,0.373,0.576,0.512,0.644,5.909,0.295,1.682,0.407
checker3,47.2,1.0,-0.5,0.817,0.545,0.626,6.48,0.2,2.0,0.176
mrf1,13.5,0.484,0.243,0.51,0.548,0.693,5.733,0.449,1.885,0.345
mrf0,22.88,0.679,-0.039,0.666,0.579,0.71,6.599,0.42,2.0,0.283
diag3,47.789,1.0,-0.5,0.783,0.613,0.674,7.333,0.316,2.0,0.151
