pat,BOTTLENECK,CORRIDOR,MULTI,OPEN,SPLIT,SPLIT+BOTTLENECK
checker3,,,0.58,0.43,0.55,
cols3,0.35,0.26,0.14,0.0,0.16,0.24
diag3,,,0.71,0.42,0.56,
mrf0,0.9,0.74,0.6,0.34,0.54,0.7
mrf1,0.67,0.69,0.51,0.3,0.59,0.59
mrf3,0.56,0.45,0.32,0.09,0.27,0.51
mrf8,0.32,0.17,0.1,0.1,0.17,0.22
quadrants,0.53,0.46,0.25,0.0,0.05,0.26
rings,0.14,0.13,0.13,0.15,0.14,0.15
rings_alt,0.48,0.42,0.31,0.23,0.31,0.42
rows3,0.42,0.39,0.11,0.0,0.21,0.31
rows_alt,0.71,0.49,0.35,0.0,0.29,0.61
sandwich,0.46,0.4,0.32,0.19,0.29,0.38
tiles2,0.7,0.63,0.51,0.21,0.4,0.62
