src,dep_shadow_frac,dep_cross_per_cell,dep_density,dep_bidir,dep_cycle,dens_risky
rings,0.054,0.054,0.056,0.0,0.0,0.139
mrf8,0.094,0.094,0.063,0.0,0.0,0.182
cols3,0.106,0.106,0.056,0.0,0.0,0.206
rows3,0.111,0.111,0.056,0.0,0.0,0.25
quadrants,0.111,0.111,0.056,0.0,0.0,0.287
sandwich,0.037,0.037,0.042,0.0,0.0,0.344
rings_alt,0.077,0.077,0.054,0.0,0.0,0.371
mrf3,0.091,0.091,0.052,0.0,0.0,0.387
rows_alt,0.074,0.074,0.038,0.0,0.0,0.406
tiles2,0.069,0.069,0.034,0.0,0.0,0.512
checker3,0.0,0.0,0.0,0.0,0.0,0.545
mrf1,0.021,0.021,0.013,0.0,0.0,0.548
mrf0,0.028,0.028,0.013,0.0,0.0,0.579
diag3,0.0,0.0,0.0,0.0,0.0,0.613
