series,n,rho,dir_changes,argmaxW,maxd,mind,range
bird|CM1|BOT1,14,0.050660915845876335,8,14,0.361111111111111,0.199396460761733,0.161714650349378
bird|CM1|COR1,14,-0.6992533331208346,4,3,0.016332864878919,0.0,0.016332864878919
bird|CM1|MUL1,14,-0.7598089147705227,3,2,0.014394380352454,0.0,0.014394380352454
bird|CM1|OPEN,14,,0,1,0.0,0.0,0.0
bird|CM1|SPB1,14,-0.5353258118031298,6,10,0.134259259259259,0.0,0.134259259259259
bird|CM1|SPL1,14,,0,1,0.0,0.0,0.0
bird|CM3|BOT1,14,0.8492854424134765,6,10,0.208333333333333,0.001570472755622,0.206762860577711
bird|CM3|COR1,14,0.9229097278009645,5,20,0.166666666666666,0.000457979248431,0.166208687418235
bird|CM3|MUL1,14,0.9592965100836159,8,20,0.25,0.000947839431463,0.249052160568537
bird|CM3|OPEN,14,0.642390366830863,8,14,0.2,0.022970975903874,0.177029024096126
bird|CM3|SPB1,14,0.968097395497227,2,20,0.166666666666666,6.925405201305904e-06,0.16665974126146468
bird|CM3|SPL1,14,0.9889891832521075,4,20,0.166666666666666,4.553368473213757e-05,0.16662113298193384
bird|CM5|OPEN,5,0.9999999999999999,0,5,0.5538194444444441,0.095629275783848,0.4581901686605961
bird|CM5|SPL1,6,0.942857142857143,1,5,0.5917245370370371,0.105455105551631,0.4862694314854061
bird|CM7|BOT1,11,0.8883849927775,4,8,0.8571428571428571,0.402304710378457,0.4548381467644001
bird|CM7|COR1,10,0.8787878787878788,6,12,0.6666666666666661,0.325902200429867,0.34076446623679907
bird|CM7|MUL1,14,0.8756880986543099,4,20,0.6666666666666661,0.117431200837538,0.5492354658291281
bird|CM7|OPEN,14,0.8800885413611155,6,20,0.6666666666666661,0.07310884943846,0.5935578172282061
bird|CM7|SPB1,14,0.8624867705338932,8,20,0.6666666666666661,0.158003512324355,0.508663154342311
bird|CM7|SPL1,14,0.8712876559475043,4,20,0.6666666666666661,0.042995335969129,0.6236713306975371
bird|CM8|BOT1,11,0.8991204081865278,5,8,0.8571428571428571,0.290403823504063,0.5667390336387941
bird|CM8|COR1,14,0.7260730466229203,6,20,0.6666666666666661,0.189445722393396,0.4772209442732701
bird|CM8|MUL1,14,0.9636969527904214,4,20,0.6666666666666661,0.211011620039057,0.4556550466276091
bird|CM8|OPEN,14,0.9636969527904214,6,20,0.6666666666666661,0.161433145241867,0.505233521424799
bird|CM8|SPB1,14,0.931720321861117,4,20,0.6666666666666661,0.20135547151708,0.4653111951495861
bird|CM8|SPL1,14,0.8392090842295167,4,20,0.6666666666666661,0.148698444334243,0.5179682223324231
car|CM1|BOT1,14,0.9020907548951435,7,20,0.8,0.231213696218517,0.5687863037814831
car|CM1|COR1,14,-0.4472135954999579,0,1,0.000140452334388,0.0,0.000140452334388
car|CM1|MUL1,14,-0.10607896706108734,7,12,0.076719576719576,0.0,0.076719576719576
car|CM1|OPEN,14,-0.6022369812825288,1,2,0.001699356647151,0.0,0.001699356647151
car|CM1|SPB1,14,0.3274725274725274,5,16,0.287037037037037,0.097222222222222,0.189814814814815
car|CM1|SPL1,14,-0.3317712711257045,2,7,0.05437671467764,0.0,0.05437671467764
car|CM3|BOT1,14,0.9229097278009645,3,14,0.208333333333333,0.000645776648264,0.207687556685069
car|CM3|COR1,14,0.9372942965495881,5,20,0.2,6.032415639560748e-06,0.19999396758436044
car|CM3|MUL1,14,-0.748683973955981,3,3,0.065964862082798,0.0,0.065964862082798
car|CM3|OPEN,14,-0.6496916807458092,3,6,0.004678633504507,0.0,0.004678633504507
car|CM3|SPB1,14,-0.6688672914344478,7,1,0.447075939396312,0.054253472222222,0.39282246717409003
car|CM3|SPL1,14,-0.6496916807458092,3,6,0.002599251013174,0.0,0.002599251013174
car|CM5|MUL1,6,1.0,0,6,0.75,0.200713871877678,0.549286128122322
car|CM5|OPEN,7,0.9642857142857145,1,6,0.49537037037037,0.06830232077376,0.42706804959661004
car|CM5|SPL1,7,1.0,0,8,0.6666666666666661,0.097205420118256,0.5694612465484101
car|CM7|BOT1,5,0.9999999999999999,0,16,0.833333333333333,0.371663561281711,0.461669772051622
car|CM7|COR1,7,0.9285714285714288,4,16,0.833333333333333,0.421995302842108,0.411338030491225
car|CM7|MUL1,10,0.9878787878787878,2,12,0.833333333333333,0.172641700330596,0.660691633002737
car|CM7|OPEN,9,0.9833333333333333,2,14,0.802083333333333,0.092183322413847,0.7099000109194861
car|CM7|SPB1,12,0.9718550849815182,6,12,0.833333333333333,0.284060978010735,0.549272355322598
car|CM7|SPL1,9,0.9666666666666667,4,16,0.802083333333333,0.107528911071218,0.6945544222621151
car|CM8|BOT1,13,0.9165234371132702,8,8,0.833333333333333,0.293437750663899,0.539895582669434
car|CM8|COR1,14,0.2508252342879179,4,24,0.6666666666666661,0.28916528749397,0.37750137917269605
car|CM8|MUL1,13,0.8555716484545344,5,8,0.8506944444444441,0.209583802554195,0.641110641890249
car|CM8|OPEN,13,0.7070157995267373,4,24,0.6666666666666661,0.236994482023955,0.42967218464271106
car|CM8|SPB1,13,0.6908748097388785,5,6,0.862630208333333,0.231428816638395,0.631201391694938
car|CM8|SPL1,13,0.9281909617845142,4,24,0.6666666666666661,0.197487920079074,0.46917874658759207
cat|CM1|BOT1,14,0.7362637362637363,10,24,0.6666666666666661,0.163968052866169,0.5026986138004971
cat|CM1|COR1,14,-0.14521460932458408,6,12,0.444444444444444,0.194844535893918,0.24959990855052597
cat|CM1|MUL1,14,-0.36224458368918316,5,6,0.139557613168724,0.0,0.139557613168724
cat|CM1|OPEN,14,,0,1,0.0,0.0,0.0
cat|CM1|SPB1,14,0.4092411717329187,6,12,0.251543209876543,0.072402571494692,0.17914063838185101
cat|CM1|SPL1,14,-0.5403315432161029,5,6,0.146373456790123,0.0,0.146373456790123
cat|CM3|BOT1,14,0.9152920830155601,6,24,0.5,0.020109000886886,0.479890999113114
cat|CM3|COR1,14,0.9273150248310408,2,24,0.4375,0.004554603543344,0.432945396456656
cat|CM3|MUL1,14,0.8618916073713345,4,24,0.166666666666666,0.005810375704923,0.160856290961743
cat|CM3|OPEN,14,0.9735194218983183,2,24,0.375,0.001613783962712,0.373386216037288
cat|CM3|SPB1,14,0.853685885120282,6,14,0.266666666666666,0.04060385505698,0.226062811609686
cat|CM3|SPL1,14,0.9076923076923077,8,16,0.2,0.037198605388918,0.162801394611082
cat|CM5|SPL1,5,0.9999999999999999,0,5,0.525462962962962,0.142993182741112,0.38246978022185
cat|CM7|BOT1,7,0.9642857142857145,2,8,0.8888888888888881,0.345374465440824,0.543514423448064
cat|CM7|COR1,6,0.9856107606091623,0,7,0.833333333333333,0.383588282192781,0.449745051140552
cat|CM7|MUL1,9,0.8166666666666667,3,14,0.7916666666666661,0.167578348058174,0.624088318608492
cat|CM7|OPEN,11,0.952166479438449,5,10,0.6666666666666661,0.092808968460183,0.5738576982064831
cat|CM7|SPB1,9,0.8786687791935092,3,8,0.8888888888888881,0.285486475913906,0.603402412974982
cat|CM7|SPL1,8,0.9761904761904763,2,14,0.583333333333333,0.178677341131006,0.40465599220232706
cat|CM8|BOT1,9,0.8451956828432803,3,8,0.74074074074074,0.273775661962432,0.466965078778308
cat|CM8|COR1,14,0.7599137376881451,6,10,0.708333333333333,0.271239873120422,0.437093460212911
cat|CM8|MUL1,14,0.7880871510605433,4,10,0.6666666666666661,0.191651182360687,0.47501548430597906
cat|CM8|OPEN,14,0.9481860025948877,4,20,0.6666666666666661,0.124130989654577,0.542535677012089
cat|CM8|SPB1,14,0.9867250749962594,0,20,0.6666666666666661,0.210839995323254,0.45582667134341204
cat|CM8|SPL1,14,0.954710703549786,4,20,0.6666666666666661,0.196616789541946,0.4700498771247201
house|CM1|BOT1,14,0.739274374743337,9,12,0.5709876543209871,0.283126794527824,0.28786085979316306
house|CM1|COR1,14,0.5896593227119474,9,12,0.441358024691358,0.288904550732044,0.15245347395931397
house|CM1|MUL1,14,-0.03736263736263736,7,16,0.222222222222222,0.0,0.222222222222222
house|CM1|OPEN,14,,0,1,0.0,0.0,0.0
house|CM1|SPB1,14,-0.5120879120879122,12,10,0.246426326017375,0.092592592592592,0.153833733424783
house|CM1|SPL1,14,-0.4267042818457645,5,10,0.084259259259259,0.0,0.084259259259259
house|CM3|BOT1,14,0.8681318681318682,4,24,0.325,0.001474262889904,0.323525737110096
house|CM3|COR1,14,0.9516483516483516,4,24,0.133333333333333,0.000977794735022,0.132355538598311
house|CM3|MUL1,14,0.9384615384615385,6,24,0.133333333333333,0.000800368323934,0.132532965009399
house|CM3|OPEN,14,0.8769230769230769,7,24,0.2,0.000630052424326,0.199369947575674
house|CM3|SPB1,14,0.8505494505494505,5,20,0.333333333333333,0.059951077352846,0.273382255980487
house|CM3|SPL1,14,0.9636969527904214,4,24,0.133333333333333,4.514097023561283e-06,0.13332881923630943
house|CM5|COR1,6,0.942857142857143,1,5,0.916666666666666,0.312670943624452,0.6039957230422139
house|CM5|MUL1,5,0.9999999999999999,0,5,0.8459362139917691,0.226752872243235,0.6191833417485341
house|CM5|SPL1,6,1.0,0,6,0.766666666666666,0.163579623442406,0.6030870432242601
house|CM7|BOT1,7,0.9642857142857145,2,8,0.89308449074074,0.293901230597012,0.599183260143728
house|CM7|COR1,8,1.0,0,8,0.8303433641975301,0.287251565583331,0.5430917986141991
house|CM7|MUL1,11,0.7636363636363637,5,10,0.8888888888888881,0.333419669595116,0.555469219293772
house|CM7|OPEN,13,0.7679675219526635,7,14,0.833333333333333,0.350722856038394,0.48261047729493906
house|CM7|SPB1,11,0.8792733518259361,3,8,0.916666666666666,0.260079963059368,0.656586703607298
house|CM7|SPL1,11,0.8000000000000002,3,20,0.833333333333333,0.316454798883182,0.516878534450151
house|CM8|BOT1,13,0.6795683827350908,5,14,0.708333333333333,0.366797674302913,0.34153565903042005
house|CM8|COR1,13,0.9050902647638,8,12,0.597800925925926,0.30495853969513,0.29284238623079606
house|CM8|MUL1,14,0.7876792445181983,5,10,0.611368312757201,0.238998335187583,0.37236997756961804
house|CM8|OPEN,13,0.9050902647638,9,16,0.583333333333333,0.259960229238276,0.32337310409505704
house|CM8|SPB1,14,0.9133897171549342,5,12,0.5923996913580241,0.196998107863514,0.39540158349451004
house|CM8|SPL1,13,0.9105923332426072,6,12,0.5920138888888881,0.298303288873477,0.29371060001541105
human|CM1|BOT1,14,0.906491197601949,6,24,0.75,0.202204844508585,0.547795155491415
human|CM1|COR1,14,-0.23332959554455554,5,10,0.069444444444444,0.0,0.069444444444444
human|CM1|MUL1,14,0.15231936533102938,8,7,0.217592592592592,0.0,0.217592592592592
human|CM1|OPEN,14,,0,1,0.0,0.0,0.0
human|CM1|SPB1,13,0.8901098901098902,8,16,0.42526455026455,0.323991794383145,0.101272755881405
human|CM1|SPL1,13,,0,2,0.0,0.0,0.0
human|CM3|BOT1,14,0.7511031436279927,5,10,0.875,0.66497150547642,0.21002849452357997
human|CM3|COR1,14,0.9328938538427825,2,20,0.3,0.008584825386966,0.291415174613034
human|CM3|MUL1,14,0.2332234634606956,5,16,0.208333333333333,0.043650793650793,0.16468253968254
human|CM3|OPEN,14,-0.3317712711257045,2,7,0.005068519629883,0.0,0.005068519629883
human|CM3|SPB1,14,0.6087912087912088,7,14,0.3125,0.051894848504019,0.260605151495981
human|CM3|SPL1,14,-0.520303930766771,5,7,0.006291699346093,0.0,0.006291699346093
human|CM5|MUL1,5,0.9999999999999999,0,5,0.8222993827160491,0.211555836430642,0.6107435462854071
human|CM5|OPEN,7,0.8928571428571429,2,5,0.512877229080932,0.070856340802918,0.442020888278014
human|CM5|SPL1,5,0.9999999999999999,0,5,0.8166666666666661,0.192292624664001,0.6243740420026651
human|CM7|BOT1,14,0.6955984950595971,6,24,0.6666666666666661,0.467069242887929,0.19959742377873707
human|CM7|COR1,14,0.7571817725875808,8,24,0.6666666666666661,0.251706913602331,0.4149597530643351
human|CM7|MUL1,14,0.8976903121883377,4,24,0.6666666666666661,0.159823990818112,0.506842675848554
human|CM7|OPEN,14,0.9845052182472894,2,24,0.6666666666666661,0.054128410190475,0.6125382564761911
human|CM7|SPB1,14,0.7538461538461538,10,16,0.680555555555555,0.226981177603996,0.453574377951559
human|CM7|SPL1,14,0.8712876559475043,4,24,0.6666666666666661,0.055259142701256,0.6114075239654101
human|CM8|BOT1,12,0.99124495269876,2,16,0.833333333333333,0.29662355702747,0.536709776305863
human|CM8|COR1,14,0.9945000517380604,2,24,0.6666666666666661,0.061112512765346,0.6055541539013201
human|CM8|MUL1,14,0.9636969527904214,4,24,0.6666666666666661,0.107694051330817,0.5589726153358491
human|CM8|OPEN,14,0.9691043678307522,6,24,0.6666666666666661,0.142924227239497,0.523742439427169
human|CM8|SPB1,14,0.9592965100836159,2,24,0.6666666666666661,0.178414390724925,0.4882522759417411
human|CM8|SPL1,14,0.9537468070114979,6,24,0.6666666666666661,0.188173238466517,0.47849342820014906
landscape|CM1|BOT1,13,0.9285714285714285,5,20,0.437169312169312,0.210266140313904,0.22690317185540798
landscape|CM1|COR1,14,0.7788783591045872,5,20,0.244708994708994,0.03006734566642,0.214641649042574
landscape|CM1|MUL1,14,-0.21779122209533713,6,14,0.111689814814814,0.0,0.111689814814814
landscape|CM1|OPEN,14,-0.6496916807458092,3,6,0.055134229093634,0.0,0.055134229093634
landscape|CM1|SPB1,13,-0.054945054945054944,7,20,0.279982363315696,0.0,0.279982363315696
landscape|CM1|SPL1,14,-0.3317712711257045,2,7,0.060846943587105,0.0,0.060846943587105
landscape|CM3|BOT1,14,0.7744779163977816,3,12,0.8888888888888881,0.6866742069182851,0.202214681970603
landscape|CM3|COR1,14,0.9648351648351648,2,24,0.083333333333333,8.179797413636782e-06,0.08332515353591936
landscape|CM3|MUL1,14,0.9824175824175824,3,24,0.111111111111111,2.3112233450291984e-05,0.1110879988776607
landscape|CM3|OPEN,14,0.9780219780219781,6,24,0.050925925925925,5.4932015622814505e-09,0.05092592043272344
landscape|CM3|SPB1,14,0.4241758241758242,6,24,0.083333333333333,0.004944988480875,0.07838834485245799
landscape|CM3|SPL1,14,0.9648351648351648,6,24,0.050925925925925,2.4026436840747992e-08,0.05092590189948816
landscape|CM5|COR1,7,0.9642857142857145,1,6,0.916666666666666,0.189374200946615,0.727292465720051
landscape|CM5|OPEN,8,0.9523809523809524,3,7,0.576967592592592,0.074462232341906,0.502505360250686
landscape|CM5|SPL1,7,0.9642857142857145,2,8,0.75,0.211225736653962,0.538774263346038
landscape|CM7|BOT1,13,0.9725274725274725,4,24,0.833333333333333,0.296449166549783,0.53688416678355
landscape|CM7|COR1,13,0.8406593406593407,6,24,0.481481481481481,0.164792593245288,0.316688888236193
landscape|CM7|MUL1,13,0.9546088810730656,6,20,0.502314814814814,0.175897693268237,0.326417121546577
landscape|CM7|OPEN,13,0.7032967032967032,11,20,0.304012345679012,0.111882772474106,0.19212957320490598
landscape|CM7|SPB1,13,0.7692307692307693,5,16,0.532407407407407,0.253978853213471,0.278428554193936
landscape|CM7|SPL1,13,0.7967032967032966,6,24,0.411265432098765,0.086431604412328,0.324833827686437
landscape|CM8|BOT1,13,0.9862296375911965,4,20,0.833333333333333,0.248918273458274,0.584415059875059
landscape|CM8|COR1,14,0.621978021978022,6,10,0.544174382716049,0.21962922424867,0.32454515846737897
landscape|CM8|MUL1,14,0.9592965100836159,4,20,0.6666666666666661,0.17143361262878,0.4952330540378861
landscape|CM8|OPEN,13,0.8225592375816905,4,14,0.517361111111111,0.202556053939889,0.31480505717122204
landscape|CM8|SPB1,14,0.8888894267747266,4,20,0.583333333333333,0.179159801620056,0.4041735317132771
landscape|CM8|SPL1,13,0.8571428571428571,6,24,0.59375,0.203927827515611,0.389822172484389
rabbit|CM1|BOT1,14,0.8769230769230769,9,14,0.5607638888888881,0.212672728819354,0.34809116006953406
rabbit|CM1|COR1,13,0.8956043956043955,7,20,0.165343915343915,0.011924286471234,0.15341962887268099
rabbit|CM1|MUL1,14,0.3303972772557152,5,16,0.153439153439153,0.0,0.153439153439153
rabbit|CM1|OPEN,14,-0.4060261049980711,5,14,0.046296296296296,0.0,0.046296296296296
rabbit|CM1|SPB1,12,0.3117342784105641,5,14,0.436696244855967,0.312443267185971,0.12425297766999599
rabbit|CM1|SPL1,12,0.5594405594405596,7,24,0.1,0.0,0.1
rabbit|CM3|BOT1,14,0.9252747252747253,8,14,0.234375,0.00022733920445,0.23414766079555
rabbit|CM3|COR1,14,0.9812987236176437,4,24,0.2,5.394296031775551e-05,0.19994605703968227
rabbit|CM3|MUL1,14,0.9032967032967033,5,20,0.083333333333333,0.000581962522618,0.082751370810715
rabbit|CM3|OPEN,14,0.906491197601949,6,24,0.133333333333333,2.0434445058103392e-05,0.13331289888827488
rabbit|CM3|SPB1,13,0.7362637362637362,6,24,0.3,0.088228353799395,0.21177164620060498
rabbit|CM3|SPL1,14,0.9856991663244494,2,24,0.3,0.003317277516092,0.296682722483908
rabbit|CM5|MUL1,5,0.8999999999999998,1,4,0.7802610083812661,0.215687774567188,0.5645732338140781
rabbit|CM5|OPEN,6,1.0,0,6,0.656590413943355,0.093434721495239,0.563155692448116
rabbit|CM7|BOT1,7,0.8928571428571429,2,10,0.9090909090909092,0.378962347081097,0.5301285620098122
rabbit|CM7|COR1,8,0.9285714285714287,1,7,0.6834082710968851,0.316247059913339,0.36716121118354605
rabbit|CM7|MUL1,12,0.8951048951048951,4,8,0.8828125,0.222948793531108,0.659863706468892
rabbit|CM7|OPEN,13,0.9408537098760474,4,12,0.868055555555555,0.160357073562401,0.707698481993154
rabbit|CM7|SPB1,9,0.9833333333333333,1,12,0.8888888888888881,0.256649750174675,0.632239138714213
rabbit|CM7|SPL1,12,0.9842396880153765,4,20,0.833333333333333,0.250242743866143,0.5830905894671901
rabbit|CM8|BOT1,13,0.9656130180306802,6,24,0.833333333333333,0.286895436103815,0.5464378972295181
rabbit|CM8|COR1,14,0.9460951819631991,4,20,0.833333333333333,0.288952269083029,0.544381064250304
rabbit|CM8|MUL1,14,0.9636969527904214,5,16,0.5625,0.167592229741778,0.394907770258222
rabbit|CM8|OPEN,14,0.956043956043956,4,24,0.527777777777777,0.096619174780747,0.43115860299703
rabbit|CM8|SPB1,14,0.9648351648351648,3,16,0.625,0.142044151389824,0.482955848610176
rabbit|CM8|SPL1,14,0.884488984067921,3,10,0.5342881944444441,0.125652381413763,0.4086358130306811
tree|CM1|BOT1,14,0.8022717466981296,8,12,0.491071428571428,0.292213012256165,0.19885841631526302
tree|CM1|COR1,14,-0.2671107710877472,7,5,0.038576617966192,0.0,0.038576617966192
tree|CM1|MUL1,14,-0.1713289344789549,7,16,0.122222222222222,0.0,0.122222222222222
tree|CM1|OPEN,14,-0.507835002067562,5,10,0.109375,0.0,0.109375
tree|CM1|SPB1,14,-0.31243143218319597,6,6,0.218707331517045,0.011111111111111,0.207596220405934
tree|CM1|SPL1,13,-0.3370800483000173,9,12,0.071428571428571,0.0,0.071428571428571
tree|CM3|BOT1,14,0.717272161209309,4,24,0.166666666666666,0.003325944456238,0.163340722210428
tree|CM3|COR1,14,0.9648351648351648,2,24,0.166666666666666,0.001378453331071,0.16528821333559499
tree|CM3|MUL1,14,0.9824175824175824,4,24,0.166666666666666,6.581965991934618e-06,0.16666008470067406
tree|CM3|OPEN,14,0.958152104041574,2,24,0.166666666666666,0.003221918281295,0.16344474838537099
tree|CM3|SPB1,14,0.9296703296703297,6,24,0.25,0.002446868143837,0.247553131856163
tree|CM3|SPL1,14,0.9504956246700047,6,24,0.166666666666666,4.298773607532764e-05,0.16662367893059066
tree|CM5|SPL1,5,0.9999999999999999,0,5,0.785714285714285,0.191681556452874,0.594032729261411
tree|CM7|BOT1,8,0.8333333333333335,4,5,0.8571428571428571,0.479433714960351,0.3777091421825061
tree|CM7|COR1,7,0.8928571428571429,2,14,0.802083333333333,0.285404361018801,0.516678972314532
tree|CM7|MUL1,11,0.9454545454545454,4,14,0.802083333333333,0.165773904252264,0.636309429081069
tree|CM7|OPEN,12,0.9160839160839163,4,16,0.75,0.129185110264362,0.620814889735638
tree|CM7|SPB1,11,0.881818181818182,4,14,0.833333333333333,0.202526659609062,0.630806673724271
tree|CM7|SPL1,12,0.9842396880153765,4,16,0.75,0.176220353194562,0.573779646805438
tree|CM8|BOT1,14,0.6784633934948711,4,10,0.7314814814814811,0.218351635523329,0.513129845958152
tree|CM8|COR1,14,0.9284934111359767,4,24,0.6666666666666661,0.198182569615935,0.4684840970507311
tree|CM8|MUL1,14,0.9614967314370186,6,24,0.6666666666666661,0.157231313954299,0.5094353527123671
tree|CM8|OPEN,13,0.9601109495518729,4,24,0.6666666666666661,0.28467201925795,0.3819946474087161
tree|CM8|SPB1,14,0.9790204668346185,4,14,0.6666666666666661,0.283560010987437,0.3831066556792291
tree|CM8|SPL1,13,0.8121670915614498,4,24,0.6666666666666661,0.324359099077446,0.3423075675892201
