W,n,solv,waves,greedy_fail,dens_risky,dens_meaningful,e_risky,e_meaningful,risk,regret_max,win_undo2
1,240,0.854,70.541,0.0,0.157,0.395,11.159,27.202,0.037,0.976,0.501
2,240,0.962,36.922,0.069,0.223,0.473,8.139,17.32,0.07,1.649,0.504
3,240,0.954,25.223,0.114,0.274,0.501,6.896,12.655,0.104,1.624,0.515
4,240,0.917,19.318,0.173,0.288,0.525,5.505,10.113,0.12,1.518,0.557
5,240,0.875,16.119,0.252,0.295,0.538,4.806,8.722,0.13,1.443,0.595
6,240,0.812,13.369,0.267,0.296,0.536,4.007,7.208,0.131,1.446,0.634
7,240,0.792,11.789,0.295,0.296,0.542,3.5,6.431,0.13,1.384,0.674
8,240,0.8,10.391,0.292,0.317,0.549,3.292,5.761,0.148,1.344,0.686
10,240,0.738,8.898,0.356,0.295,0.53,2.67,4.802,0.138,1.203,0.747
12,240,0.738,7.288,0.379,0.326,0.528,2.366,3.838,0.161,1.22,0.751
14,240,0.721,6.59,0.335,0.322,0.517,2.137,3.434,0.155,1.197,0.786
16,240,0.704,6.071,0.325,0.321,0.505,1.973,3.124,0.157,1.148,0.806
20,240,0.688,5.309,0.37,0.329,0.497,1.753,2.689,0.173,1.109,0.804
24,240,0.675,4.519,0.389,0.359,0.487,1.596,2.222,0.193,1.123,0.805
