layout,W,waves,solv,greedy_fail,e_risky,e_crit,dens,filler,dh,instant,abc,rnd0,undo1,first_safe,rec1
BOT1,11,21,True,True,7.0954551533434715,6.00769817378529,0.3378788168258796,0.6621211831741204,1.0120780100697062,0.9916416611796741,3.091308136328005,0.025324823353847087,0.1425,3/3,0.9405940594059405
BOT1,12,19,True,False,6.0009090352499985,5.339297007174445,0.31583731764473677,0.6841626823552632,1.0,1.0,3.230322162364792,0.035530678807331566,0.17625,3/3,1.0
BOT1,13,17,True,False,5.572098597735039,4.849758094508904,0.3277705057491199,0.6722294942508801,1.0063682816122468,0.9936317183877532,3.1725640150113223,0.051291971826254286,0.22625,3/3,0.967741935483871
BOT1,14,17,True,False,5.620364998910025,4.868462535842629,0.3306097058182368,0.6693902941817632,1.0,1.0,3.1586749284750684,0.044813447415809976,0.2025,3/3,1.0
BOT1,15,15,True,True,9.0,5.75,0.6,0.4,6.6341419129619625,0.0310880829015544,1.7583333333333333,0.004468878600823046,0.005,2/3,0.10526315789473684
BOT1,16,15,True,True,5.8509592123040814,4.6749030978906285,0.3900639474869388,0.6099360525130613,1.0,1.0,2.688567813516104,0.043917039117318535,0.21375,3/3,1.0
BOT1,17,15,True,False,7.018296344720062,5.480160048487272,0.4678864229813374,0.5321135770186626,1.0,1.0,3.24677029352741,0.024545104540943868,0.1225,3/3,1.0
BOT1,18,13,True,True,8.0,5.1875,0.6153846153846154,0.3846153846153846,4.850883993816336,0.05451936872309899,1.9399038461538463,0.0073088134430727035,0.0075,2/3,0.13333333333333333
BOT1,19,13,True,True,6.416938454980186,5.1802224437014175,0.4936106503830912,0.5063893496169087,1.0,1.0,2.3239216582837985,0.03462936038819456,0.14625,3/3,1.0
BOT1,20,13,True,True,6.119699085981558,4.939996106252858,0.4707460835370429,0.529253916462957,1.0,1.0,2.0993090774228245,0.04093655600116005,0.16625,3/3,1.0
BOT1,21,12,True,False,4.891129877305288,3.7066258001828984,0.40759415644210734,0.5924058435578927,1.0,1.0,1.928905178326474,0.07225533825721013,0.28375,3/3,1.0
BOT1,22,11,True,True,7.0,4.1875,0.6363636363636364,0.36363636363636365,4.130775918102253,0.11647254575707154,1.3977272727272727,0.014617626886145407,0.025,2/3,0.21428571428571427
BOT1,23,11,True,True,7.0,4.375,0.6363636363636364,0.36363636363636365,4.146639512919112,0.12459016393442622,1.9943181818181819,0.01324588477366255,0.02,2/3,0.2
BOT1,24,10,True,True,5.125,4.125,0.5125,0.48750000000000004,3.771942110177404,0.15966386554621845,1.875,0.032552083333333336,0.06375,2/3,0.3333333333333333
BOT1,25,10,True,True,5.125,4.125,0.5125,0.48750000000000004,3.5769140989729222,0.15966386554621845,1.5375,0.032552083333333336,0.06625,2/3,0.3333333333333333
BOT1,26,9,True,False,3.9375,3.4375,0.4375,0.5625,1.0,1.0,2.4236111111111116,0.09972993827160494,0.33375,3/3,1.0
BOT1,27,9,True,False,3.9375,3.4375,0.4375,0.5625,1.0,1.0,2.759259259259259,0.09972993827160494,0.33375,3/3,1.0
BOT1,28,9,True,False,3.6041666666666665,3.1041666666666665,0.40046296296296297,0.599537037037037,1.0,1.0,2.451388888888888,0.12692901234567902,0.42,3/3,1.0
BOT1,29,9,True,True,5.0,4.0,0.5555555555555556,0.4444444444444444,3.2097701149425286,0.1379310344827586,1.7777777777777777,0.03472222222222222,0.05625,2/3,0.25
BOT2,11,21,True,True,6.288369236781093,4.905172442575066,0.299446154132433,0.7005538458675671,1.0,1.0,3.0539322633414065,0.1212124433195008,0.2425,3/3,1.0
BOT2,12,19,True,True,4.941028275598796,3.9434174166323257,0.2600541197683577,0.7399458802316423,1.048681336377332,0.960347714223408,2.8971015126248716,0.18471462888658388,0.33625,3/3,0.9
BOT2,13,17,True,True,4.806699016690294,3.8292091589262145,0.28274700098178196,0.717252999018218,1.0250303657218305,0.9803555957876552,3.1228071382036733,0.18760646080509172,0.345,3/3,0.9436619718309859
BOT2,14,17,True,True,5.0918086143455366,4.122252610010154,0.29951815378503155,0.7004818462149685,1.0228748558822103,0.9803194834561691,2.8941605844978486,0.1557623561587005,0.31875,3/3,0.9342105263157895
BOT2,15,15,True,True,5.076004111786397,3.8805319192005787,0.3384002741190931,0.6615997258809069,1.0070742130028494,0.9929257869971505,3.0122798725246525,0.15983438272442874,0.34125,3/3,0.9661016949152542
BOT2,16,15,True,True,4.615077653772361,3.442896940155986,0.3076718435848241,0.692328156415176,1.0,1.0,3.4921030384546445,0.1816923626794198,0.395,3/3,1.0
BOT2,17,15,True,True,4.188523150529645,3.4189948774005487,0.27923487670197633,0.7207651232980237,1.1604002265638997,0.891087889652865,3.0860962069107845,0.19531627070314483,0.40125,3/3,0.5909090909090909
BOT2,18,13,True,True,3.88718572181578,2.8981755353604632,0.29901428629352156,0.7009857137064784,1.1157080912661648,0.9068690972735743,3.2077171668542586,0.23771126742549975,0.44875,3/3,0.8936170212765957
BOT2,19,13,True,True,3.622975926243459,2.8881825766524414,0.27869045586488145,0.7213095441351185,1.0218050159107779,0.981395720369703,3.493585545438472,0.21245738554173932,0.455,3/3,0.9230769230769231
BOT2,20,13,True,True,3.850168332126709,2.9242781286516286,0.2961667947789776,0.7038332052210223,1.0209729640930745,0.9821056361407714,3.5186276857176635,0.20448576627920598,0.45125,3/3,0.9090909090909091
BOT2,21,12,True,True,3.3944080075445817,2.424807813214449,0.2828673339620485,0.7171326660379516,1.0,1.0,2.6330451920756497,0.254500201898,0.53875,3/3,1.0
BOT2,22,11,True,True,4.039126800411522,2.8933911084438346,0.3671933454919566,0.6328066545080434,1.0,1.0,2.722610947437336,0.20525941643804294,0.42625,3/3,1.0
BOT2,23,11,True,True,4.039126800411522,2.8933911084438346,0.3671933454919566,0.6328066545080434,1.0,1.0,2.4169180228208007,0.20525941643804294,0.42625,3/3,1.0
BOT2,24,10,True,False,2.9516782407407405,2.5164930555555554,0.29516782407407405,0.704832175925926,1.0,1.0,2.609924768518519,0.2919506601508916,0.55875,3/3,1.0
BOT2,25,10,True,True,3.025173611111111,2.589988425925926,0.3025173611111111,0.6974826388888888,1.0,1.0,2.7611400462962976,0.25944680212620025,0.57125,3/3,1.0
BOT2,26,9,True,True,2.506944444444444,1.9976851851851851,0.27854938271604934,0.7214506172839507,1.0,1.0,2.9167952674897104,0.31496484910836764,0.65375,3/3,1.0
BOT2,27,9,True,True,2.506944444444444,1.9976851851851851,0.27854938271604934,0.7214506172839507,1.0,1.0,2.8958333333333335,0.31496484910836764,0.65375,3/3,1.0
BOT2,28,9,True,True,2.506944444444444,1.9976851851851851,0.27854938271604934,0.7214506172839507,1.0,1.0,2.6313014403292176,0.31496484910836764,0.65375,3/3,1.0
BOT2,29,9,True,True,3.1319444444444446,2.798611111111111,0.3479938271604939,0.6520061728395061,1.0822924320352683,0.9177075679647319,2.97608024691358,0.20833333333333334,0.495,3/3,0.8333333333333334
BOT3,11,21,True,False,6.705784666831071,5.2690667677990275,0.31932307937290816,0.6806769206270918,1.0,1.0,3.4256553510045955,0.12338831041147043,0.22375,3/3,1.0
BOT3,12,19,True,False,6.79811868808274,5.7021639513386795,0.35779572042540736,0.6422042795745926,1.0,1.0,3.242296222756707,0.10900065681854189,0.2025,3/3,1.0
BOT3,13,17,True,False,5.017993315800226,3.891440050715296,0.2951760774000133,0.7048239225999867,1.0,1.0,3.0364750665581624,0.17519506151027495,0.3575,3/3,1.0
BOT3,14,17,True,False,6.129901343521376,4.890089386502629,0.36058243197184564,0.6394175680281544,1.0,1.0,2.8829085303531543,0.13453429594533425,0.2525,3/3,1.0
BOT3,15,15,True,True,5.255682548868314,4.015870591849566,0.35037883659122093,0.6496211634087791,1.0,1.0,3.588934196864044,0.17391010609523802,0.3325,3/3,1.0
BOT3,16,15,True,True,6.096498577981846,4.82344304359515,0.40643323853212304,0.593566761467877,1.010261900348295,0.989738099651705,4.186156154475522,0.10648289549516081,0.22125,3/3,0.896551724137931
BOT3,17,15,True,True,4.927776448108775,4.091263022817914,0.3285184298739183,0.6714815701260817,1.0,1.0,3.0181432872487264,0.1412027555151936,0.3025,3/3,1.0
BOT3,18,13,True,True,4.163155050519483,3.130934987520957,0.3202426961938064,0.6797573038061936,1.2008900537970442,0.8202284801106605,3.161229717280921,0.20032176887344968,0.3375,3/3,0.868421052631579
BOT3,19,13,True,False,4.081416030013209,3.1178108567672607,0.3139550792317853,0.6860449207682147,1.0,1.0,4.068956115488179,0.2125079978598283,0.4275,3/3,1.0
BOT3,20,13,True,True,4.26814640965554,3.4118887888660265,0.3283189545888877,0.6716810454111123,1.0162498065212133,0.9837501934787864,4.028279769808193,0.16413142558687135,0.38375,3/3,0.9245283018867925
BOT3,21,12,True,True,4.121274148376772,2.9676247427983538,0.34343951236473097,0.6565604876352691,1.0,1.0,2.884445016003658,0.1876839706218564,0.41125,3/3,1.0
BOT3,22,11,True,True,4.121274148376772,2.9676247427983538,0.37466128621607014,0.6253387137839299,1.0,1.0,2.534305568545538,0.1876839706218564,0.41875,3/3,1.0
BOT3,23,11,True,True,4.039126800411522,2.8933911084438346,0.3671933454919566,0.6328066545080434,1.0,1.0,2.8732936575979267,0.20525941643804294,0.42625,3/3,1.0
BOT3,24,10,True,False,3.646122685185185,3.2109375,0.3646122685185185,0.6353877314814815,1.0,1.0,3.0322048611111105,0.2105463391632373,0.4375,3/3,1.0
BOT3,25,10,True,False,3.646122685185185,3.2109375,0.3646122685185185,0.6353877314814815,1.0,1.0,3.4960648148148166,0.2105463391632373,0.4375,3/3,1.0
BOT3,26,9,True,False,2.423611111111111,1.914351851851852,0.26929012345679015,0.7307098765432098,1.0,1.0,3.0048868312757206,0.3388846021947874,0.66375,3/3,1.0
BOT3,27,9,True,True,2.8611111111111107,2.509259259259259,0.3179012345679012,0.6820987654320988,1.0,1.0,2.584876543209876,0.24459876543209877,0.5525,3/3,1.0
BOT3,28,9,True,True,3.1597222222222223,2.826388888888889,0.35108024691358025,0.6489197530864197,1.0815731973780045,0.9184268026219957,2.435185185185186,0.19444444444444445,0.50625,3/3,0.8
BOT3,29,9,True,True,3.1597222222222223,2.826388888888889,0.35108024691358025,0.6489197530864197,1.0815731973780043,0.9184268026219956,2.3449074074074074,0.19444444444444445,0.50625,3/3,0.8
COR1,11,21,True,False,1.7020923843148397,0.2939022860855809,0.08105201830070666,0.9189479816992934,1.0,1.0,1.426549934289312,0.5803056551281138,0.8475,3/3,1.0
COR1,12,19,True,False,1.2842147300482323,0.09825453673655683,0.06759024894990696,0.932409751050093,1.0,1.0,0.7877840564719312,0.7016559693362009,0.8625,3/3,1.0
COR1,13,17,True,False,1.4942080180496282,0.3255225036886738,0.08789458929703696,0.912105410702963,1.0,1.0,1.3026812298284889,0.6248655198569197,0.8575,3/3,1.0
COR1,14,17,True,False,1.2896596603033075,0.10848848784484073,0.07586233295901809,0.9241376670409819,1.0,1.0,0.735425153959093,0.7007458847736626,0.87875,3/3,1.0
COR1,15,15,True,False,1.171172458466697,0.20045296067672613,0.0780781638977798,0.9219218361022202,1.0,1.0,1.1551710579481653,0.6847485774526242,0.8825,3/3,1.0
COR1,16,15,True,False,0.8221843564243256,0.18476008802011887,0.05481229042828838,0.9451877095717116,1.0,1.0,0.734424742410258,0.7410300925925926,0.91375,3/3,1.0
COR1,17,15,True,True,1.478313341109361,0.5502741455542571,0.09855422274062406,0.9014457772593759,1.4167241243962436,0.6269646950969109,1.3070982362106052,0.510444847711223,0.685,3/3,0.8620689655172413
COR1,18,13,True,True,1.0215914431235076,0.3101923296753544,0.07858395716334673,0.9214160428366532,1.0257121769636866,0.9742878230363139,0.7997624426486739,0.673171328049586,0.88625,3/3,0.875
COR1,19,13,True,True,1.2598726931235076,0.5484735796753544,0.09691328408642366,0.9030867159135764,1.0,1.0,0.6668899625164619,0.5942411836991311,0.8825,3/3,1.0
COR1,20,13,True,True,1.1970871119748003,0.37235733246964386,0.09208362399806157,0.9079163760019384,1.0,1.0,0.5059530090394287,0.6140046296296297,0.885,3/3,1.0
COR1,21,12,True,True,1.1426580043692525,0.42678644007519173,0.09522150036410437,0.9047784996358956,1.0,1.0,0.931142164505326,0.6032021604938272,0.88,3/3,1.0
COR1,22,11,True,True,1.7617241083676267,0.6936228280749885,0.1601567371243297,0.8398432628756702,1.0,1.0,0.7286093964334702,0.43673553955189753,0.77625,3/3,1.0
COR1,23,11,True,True,1.7840506401463192,0.7159493598536809,0.16218642183148357,0.8378135781685164,1.0,1.0,0.7801669602402627,0.4332561728395061,0.7725,3/3,1.0
COR1,24,10,True,False,0.9583333333333334,0.375,0.09583333333333334,0.9041666666666667,1.0,1.0,0.5697916666666666,0.611111111111111,0.85625,3/3,1.0
COR1,25,10,True,False,0.9583333333333334,0.375,0.09583333333333334,0.9041666666666667,1.0,1.0,0.8031250000000001,0.611111111111111,0.85625,3/3,1.0
COR1,26,9,True,True,1.2395833333333335,0.65625,0.1377314814814815,0.8622685185185185,1.0,1.0,0.9398148148148147,0.5219907407407407,0.835,3/3,1.0
COR1,27,9,True,False,0.9583333333333334,0.375,0.10648148148148148,0.8935185185185185,1.0,1.0,0.8799189814814816,0.611111111111111,0.84625,3/3,1.0
COR1,28,9,True,False,0.9583333333333334,0.375,0.10648148148148148,0.8935185185185185,1.0,1.0,0.722800925925926,0.611111111111111,0.84625,3/3,1.0
COR1,29,9,True,False,0.9583333333333334,0.375,0.10648148148148148,0.8935185185185185,1.0,1.0,0.9308449074074076,0.611111111111111,0.84625,3/3,1.0
COR2,11,21,True,False,7.287082114870644,5.808731081974899,0.34700391023193544,0.6529960897680646,1.004356881700272,0.9956431182997284,1.0783849262575156,0.05908907483165823,0.15,3/3,0.9639278557114228
COR2,12,19,True,True,7.033768768027158,6.017669497364939,0.3701983562119557,0.6298016437880443,1.0028899540500302,0.9974842888728003,0.8170889101847155,0.05009322046351506,0.1625,3/3,0.9125
COR2,13,17,True,False,6.381908566948239,5.329131291930881,0.37540638629107287,0.6245936137089272,1.0014330960040962,0.9986671123639883,1.148305022313342,0.05765075272755449,0.165,3/3,0.9613899613899614
COR2,14,17,True,False,7.182657358719029,5.838201641856763,0.422509256395237,0.5774907436047629,1.0034408297219723,0.9965591702780273,0.5957198188250694,0.04954770843013676,0.1475,3/3,0.935251798561151
COR2,15,15,True,True,5.949669820363703,4.7270427436985605,0.39664465469091353,0.6033553453090865,1.0092141416059426,0.9907858583940573,0.7775106532286746,0.08070598979722703,0.22,3/3,0.984
COR2,16,15,True,False,6.188531287310115,5.160729694565107,0.412568752487341,0.5874312475126591,1.0015182758122858,0.9984817241877142,0.6626266691645922,0.06791092593651037,0.20625,3/3,0.979381443298969
COR2,17,15,True,False,6.744366172585481,5.227540898237058,0.44962441150569876,0.5503755884943012,1.0050331038366456,0.9949668961633543,0.8044592203085568,0.05572207289355733,0.17375,3/3,0.9438202247191011
COR2,18,13,True,False,5.678764670019815,4.255248818777626,0.4368280515399858,0.5631719484600142,1.0096461086899375,0.9903538913100625,0.704831433998101,0.07630126965528627,0.25375,3/3,0.9142857142857143
COR2,19,13,True,False,5.632159969897883,4.159380477442464,0.4332430746075294,0.5667569253924706,1.0020704845309,0.9979295154691,1.1201733473145514,0.08557177487129335,0.25375,3/3,0.9705882352941176
COR2,20,13,True,True,6.487893661408322,4.961316157978967,0.4990687431852555,0.5009312568147445,1.003530859304977,0.9964691406950228,0.7746298054940033,0.05108816539018441,0.14875,3/3,0.9649122807017544
COR2,21,12,True,True,5.75968792866941,4.1089248971193415,0.47997399405578417,0.5200260059442159,1.0011915126388349,0.9988084873611651,0.834135302354824,0.06608990785195346,0.21,3/3,0.9636363636363636
COR2,22,11,True,True,5.14951989026063,3.503286465477823,0.4681381718418755,0.5318618281581244,1.0,1.0,0.6080558673151267,0.1165655324391607,0.325,3/3,1.0
COR2,23,11,True,False,5.174382716049383,3.4111368312757206,0.4703984287317621,0.5296015712682379,1.0,1.0,0.517290965207632,0.11731491007468374,0.325,3/3,1.0
COR2,24,10,True,False,4.6053240740740735,3.8182870370370368,0.46053240740740736,0.5394675925925927,1.0,1.0,0.7746527777777776,0.12905092592592593,0.335,3/3,1.0
COR2,25,10,True,False,4.6365740740740735,3.8495370370370368,0.46365740740740735,0.5363425925925926,1.0,1.0,0.7953703703703702,0.1160300925925926,0.33375,3/3,1.0
COR2,26,9,True,False,3.7766203703703707,2.9895833333333335,0.41962448559670784,0.5803755144032922,1.0,1.0,0.6934156378600822,0.17245370370370372,0.475,3/3,1.0
COR2,27,9,True,False,4.347222222222222,3.625,0.4830246913580247,0.5169753086419753,1.0,1.0,0.5185185185185187,0.12789351851851852,0.32,3/3,1.0
COR2,28,9,True,False,4.458333333333334,3.9583333333333335,0.49537037037037046,0.5046296296296295,1.0,1.0,0.3240740740740741,0.12056327160493825,0.305,3/3,1.0
COR2,29,9,True,False,4.458333333333333,4.125,0.49537037037037035,0.5046296296296297,1.0,1.0,0.45370370370370366,0.11824845679012345,0.29625,3/3,1.0
COR3,11,21,True,True,1.8078069437415496,0.9281977555643595,0.0860860449400738,0.9139139550599262,1.0295124860118203,0.9804844430892811,1.5611482747487082,0.5089937643531776,0.785,3/3,0.7384615384615385
COR3,12,19,True,True,2.3901627137698345,1.5578467499563537,0.1257980375668334,0.8742019624331666,1.0028395852172935,0.9980341333111047,1.1597347337176593,0.40449744269802007,0.70375,3/3,0.9852941176470589
COR3,13,17,True,True,1.9203032296197393,1.0449978100153052,0.11295901350704349,0.8870409864929565,1.0110851160416205,0.9916861629687844,1.6649111789323265,0.46808427825586074,0.80125,3/3,0.9387755102040817
COR3,14,17,True,True,2.1540903901074904,1.1473842227405262,0.12671119941808767,0.8732888005819124,1.0059772487568688,0.995861904706783,1.8145842539958328,0.4410921331548328,0.765,3/3,0.9855072463768116
COR3,15,15,True,True,1.802384989584921,0.9877100656516905,0.1201589993056614,0.8798410006943386,1.079613800886582,0.9421344541587106,1.2590095808274693,0.5029127505746169,0.805,3/3,0.8461538461538461
COR3,16,15,True,True,1.7806347800132094,0.9327520893664584,0.11870898533421397,0.8812910146657861,1.0372691008557078,0.9715081222887018,1.3012359218262226,0.4986175301268156,0.8225,3/3,0.8409090909090909
COR3,17,15,True,False,1.551368421247608,0.9658883009238091,0.1034245614165072,0.8965754385834928,1.0,1.0,1.454428308628099,0.5460294694342834,0.82125,3/3,1.0
COR3,18,13,True,True,1.211012384841403,0.6449208231722806,0.09315479883395407,0.9068452011660459,1.0,1.0,1.4902914418696593,0.6169633085445986,0.90375,3/3,1.0
COR3,19,13,True,True,1.5953598917847889,0.8718103820555809,0.122719991675753,0.877280008324247,1.607646523496027,0.46693795277787137,1.336937720990683,0.49863057323155346,0.61125,3/3,0.5405405405405406
COR3,20,13,True,True,1.9490859374558984,0.9673091503807574,0.14992968749660757,0.8500703125033924,1.0329756914385544,0.9780162057076304,1.1841224804375319,0.49586953649370297,0.75875,3/3,0.8620689655172413
COR3,21,12,True,True,1.559774377000457,1.0683620541838132,0.1299811980833714,0.8700188019166286,1.0698997438056808,0.9620497910660571,1.4041592691424711,0.5298951268226387,0.79375,3/3,0.7916666666666666
COR3,22,11,True,True,1.183557829091094,0.6313458949347153,0.10759616628100854,0.8924038337189915,1.0676787396371596,0.9436439392374982,1.4210220272570235,0.6131584044607021,0.88,3/3,0.8125
COR3,23,11,True,True,0.8540503702433573,0.3653672426713408,0.07764094274939612,0.9223590572506039,1.0,1.0,1.2866984495445999,0.7243822397500382,0.93625,3/3,1.0
COR3,24,10,True,True,0.9547325102880659,0.5447530864197532,0.09547325102880659,0.9045267489711935,1.0276671557325507,0.9723328442674491,1.2506430041152266,0.6559927983539094,0.93125,3/3,0.8461538461538461
COR3,25,10,True,True,0.7602880658436215,0.3503086419753087,0.07602880658436215,0.9239711934156378,1.036293648611493,0.9637063513885071,1.04349279835391,0.7393261316872427,0.94625,3/3,0.8181818181818182
COR3,26,9,True,True,0.7602880658436215,0.3503086419753087,0.08447645176040239,0.9155235482395976,1.0362936486114929,0.9637063513885071,1.3602180498399634,0.7393261316872427,0.955,3/3,0.8181818181818182
COR3,27,9,True,True,1.1875000000000002,0.5532407407407408,0.13194444444444448,0.8680555555555556,1.0,1.0,1.1511917009602197,0.6311728395061729,0.89,3/3,1.0
COR3,28,9,True,True,1.1334876543209877,0.6165123456790124,0.12594307270233196,0.874056927297668,1.1676543846087777,0.9051790775573305,1.5204475308641967,0.6234567901234568,0.88,3/3,0.7692307692307693
COR3,29,9,True,True,1.2862654320987654,0.6766975308641975,0.14291838134430726,0.8570816186556928,1.4081351258186832,0.7253360910031024,1.2480066872427988,0.6388888888888888,0.7725,3/3,0.6923076923076923
